"Status","Start Time","Stop Time","Duration in ms","Parent Suite","Suite","Sub Suite","Test Class","Test Method","Name","Description"
"passed","Thu Apr 14 09:54:59 CST 2022","Thu Apr 14 09:54:59 CST 2022","0","","test_param","","","","test_b[number2]",""
"passed","Thu Apr 14 09:54:59 CST 2022","Thu Apr 14 09:54:59 CST 2022","0","","test_param","","","","test_b[number1]",""
"passed","Thu Apr 14 09:54:59 CST 2022","Thu Apr 14 09:54:59 CST 2022","1","","test_param","TestFix","","","test_c",""
"passed","Thu Apr 14 09:54:59 CST 2022","Thu Apr 14 09:54:59 CST 2022","0","","test_param","CheckFix","","","test_c",""
"passed","Thu Apr 14 09:54:59 CST 2022","Thu Apr 14 09:54:59 CST 2022","0","","test_param","","","","test_a[number3]",""
"passed","Thu Apr 14 09:54:59 CST 2022","Thu Apr 14 09:54:59 CST 2022","0","","test_param","","","","check_b",""
"passed","Thu Apr 14 09:54:59 CST 2022","Thu Apr 14 09:54:59 CST 2022","0","","test_param","","","","test_b[number3]",""
"passed","Thu Apr 14 09:54:59 CST 2022","Thu Apr 14 09:54:59 CST 2022","1","","test_param","","","","test_a[number1]",""
"passed","Thu Apr 14 09:54:59 CST 2022","Thu Apr 14 09:54:59 CST 2022","0","","test_param","","","","test_a[数字number2]",""
